{"cameraMode":{"drawMode":0,"name":"Shaded","section":"Shading Mode"},"sceneLighting":false,"audioPlay":false,"sceneViewState":{"m_AlwaysRefresh":false,"showFog":true,"showSkybox":false,"showFlares":true,"showImageEffects":true,"showParticleSystems":true,"showVisualEffectGraphs":true,"m_FxEnabled":true},"in2DMode":false,"pivot":{"x":7.169795989990234,"y":1.9845054149627686,"z":0.8569048047065735},"rotation":{"x":0.15063846111297608,"y":-0.6912736892700195,"z":0.15081706643104554,"w":0.6904388070106506},"size":3.7525863647460939,"orthographic":false}