{"cameraMode":{"drawMode":0,"name":"Shaded","section":"Shading Mode"},"sceneLighting":true,"audioPlay":false,"sceneViewState":{"m_AlwaysRefresh":false,"showFog":true,"showSkybox":true,"showFlares":true,"showImageEffects":true,"showParticleSystems":true,"showVisualEffectGraphs":true,"m_FxEnabled":true},"in2DMode":false,"pivot":{"x":6.902852535247803,"y":0.3843911588191986,"z":3.2488861083984377},"rotation":{"x":-0.2858773469924927,"y":-0.09146656841039658,"z":0.027437260374426843,"w":-0.9534440040588379},"size":5.238463878631592,"orthographic":false}