{"cameraMode":{"drawMode":0,"name":"Shaded","section":"Shading Mode"},"sceneLighting":true,"audioPlay":false,"sceneViewState":{"m_AlwaysRefresh":false,"showFog":true,"showSkybox":true,"showFlares":true,"showImageEffects":true,"showParticleSystems":true,"showVisualEffectGraphs":true,"m_FxEnabled":true},"in2DMode":false,"pivot":{"x":26.698883056640626,"y":-32.745662689208987,"z":89.33335876464844},"rotation":{"x":0.16833184659481049,"y":0.08798249810934067,"z":-0.01499811839312315,"w":0.9817225337028503},"size":53.80760192871094,"orthographic":false}